Turnover at system price,NO1 Buy,NO1 Sell,NO2 Buy,NO2 Sell,NO3 Buy,NO3 Sell,NO4 Buy,NO4 Sell,NO5 Buy,NO5 Sell,SE1 Buy,SE1 Sell,SE2 Buy,SE2 Sell,SE3 Buy,SE3 Sell,SE4 Buy,SE4 Sell,FI Buy,FI Sell,FRE Buy,FRE Sell,DK1 Buy,DK1 Sell,DK2 Buy,DK2 Sell,EE Buy,EE Sell,LV Buy,LV Sell,LT Buy,LT Sell
962979.3,117113.9,36893.1,101671.6,95138,77547.3,55707.9,47729.8,32519.2,50832.2,69508.3,33212,34358.3,45813.7,79047.5,195675.6,252704.5,52583.4,38112.2,183376.8,153319.3,0,0,35378.6,83233.3,26206.4,39680.1,19671.2,16915,20882.6,9939,30864.8,41499.9
1159437.5,138160.7,41818.1,114813.9,134716.3,85246.1,65215.6,52813.6,57187.3,56956.8,90668.5,37718.5,72954.4,46475.4,121775.9,249456.9,251131.7,77782.9,32165.2,207563.8,172685.2,0,0,52203.5,77572.9,36449.1,37188.5,23760,21870,20755.2,13790.4,37286.6,46785
1256698.7,135422.6,47680,118955.3,163173.1,83231.6,76809.2,50525.5,70498.8,56783.1,120557.6,37395.8,85047.3,51476.9,145344.8,273620.3,239580.3,92570.6,22356.2,228305.7,182869.7,0,0,71610.4,64639.8,45607.7,27492.6,24150,22507.5,22100.1,19033.7,40480.2,44750.8
1166200.5,125737.4,39853.8,114148.9,138564.2,81320,72474.7,48673.7,64103.6,54933.6,90639.5,36127.8,81531.6,46880.7,137953.7,248262.7,232360,87206.6,20119.8,218604.1,169966.7,0,0,40871.3,81467.4,39955.3,34127.7,25552.9,22880.5,22486.7,16980.7,44999.9,32741.8
1118875.1,107772.5,40112.7,108807,146128.6,78296.5,67563.8,46843.6,66781.1,51823.2,87387.2,36671.1,73341.2,49775.8,118020.2,239779.4,235699.8,79375.1,20030.9,215372.8,162089.5,0,0,49192.1,67330.9,38477.3,30062.4,24064.7,20509,20306.2,14356.3,38638.6,35893.2
1126034,110803.8,40306.8,108948.3,153373.2,76573.3,70296.3,46289.6,74078.9,51791.9,87811.3,34335.4,77701.6,42905.6,126795.6,244185.7,236242.7,89794.1,18176.5,202321.8,164550.4,0,0,60282.8,52484.7,44481.4,21383.1,24044.7,22557.8,20595.6,15847.9,36410.8,32177.8
1213829.1,145644.1,57252.1,115969,165046.5,82741.5,69262.8,49602.3,66964.7,56812.7,96065.3,34550.8,85699.7,50756.9,138412.5,262451.6,237319.1,91439.2,20800.9,205761.2,175166.2,0,0,50632.6,70302.6,42963.1,28755.3,25936.5,28787.8,23288.1,16778.1,46644.9,28661.1
1171011.5,147756.3,52106.2,109894,135938.9,83350.5,69605.2,49047.5,55535.1,56496.9,73721.3,36404.6,71670.2,49577.5,141122.2,247927.4,247633.6,86087.3,25198.6,209662.5,163652.6,0,0,35059.9,90082.7,35197.8,41147,26000.2,26579,23892.9,15565,44935.3,31884.1
1207202.1,151183.7,53016.6,118352.2,154202.3,85301.2,69029.2,49721.7,64988.6,58621.6,79788.2,37792.4,81653.4,49782.2,145050.5,259059.3,245602.1,87512.5,29860.8,210903.6,164023.6,0,0,39690.7,83520.8,36394,38717.5,27152.2,26811.2,24438.1,20896.8,47286.9,26166.6
1272869.6,156276.4,58341.6,121379,180846.2,84192.7,76481.2,45150.7,75566.6,57015.3,113612.6,35716.2,85287.7,51888.9,153326.5,274818.8,242762.9,106755.7,20856.9,216012.7,177222.4,0,0,69085.8,60820.8,41883.5,24982,27028.7,35400.6,24667.6,24229.2,44784.6,26919.4
1166017.8,147940.2,50040.8,110028,137693.9,83560.8,69458.6,44208.2,63731.3,55350.1,68987.1,33952.9,85208.3,46032.9,148446.7,244624.5,243345.8,91608.7,21164.4,209132.7,166914.1,0,0,41680.3,79364.5,39866.8,32949.8,26013.8,34093.3,23989.3,15956.9,44263.2,25027
1118910.6,141773,39789.4,106824.5,123668.7,82617.7,65780.7,47248.4,63751.4,54193.3,68021.4,33282.9,82625.7,47100.2,129975,249687.3,228738.5,80848.3,21268.5,195977.4,177096.9,0,0,32328.6,77314.1,32434.3,38907.2,23870.3,28865.4,21256,11741.3,41051.2,33087
1114154.8,141782.5,41375.9,103896.4,113997.4,80818.3,68686.3,49461.8,62001.3,53473.8,64971.3,34469.8,68568.1,53164.4,124746.8,246010.1,236352.1,69384.8,30575.3,203248.6,156243.1,0,0,38432.1,98943.9,34930.1,52079.7,23699.7,23721.3,20044.6,12158.5,35075.6,33715.9
1195226.3,151903.5,43673.5,113324.5,134929.3,87112.6,71510.1,54526.2,62196.1,58371.5,76095.9,35307.2,75298.9,53306.5,142973.7,255294.7,250961.5,79984.1,30584.2,212877.9,162895.6,0,0,44765.3,104740.9,33685.5,43373.7,26130.2,25267.8,23063.2,12540.9,42754.6,35500
1242575.9,156103,49146.7,115773.4,160004.3,91872.3,69103.2,54118.4,74497,60221.3,99619.9,37565.7,85485.2,50212.9,143153.3,277051.9,243557.1,86177.6,25983.8,217260.3,166341.2,0,0,42849.3,79980.2,36817.2,41949.4,27239.6,30069.7,23412,15627.4,43955.7,36283.5
1248585,156008.8,50016.9,113412.7,164216.6,90902.7,70881.4,55808.9,77182,58830.8,100459.2,38782.7,86124.8,56572.7,131956.7,282584.4,240094.1,86953.5,27059.7,221890.9,165752.2,0,0,37739.2,86279.2,35106.2,40746.5,27427.7,31960.4,23161.1,21386.4,41396.4,32624.2
1261338.8,162018.8,54363.9,116776,169586,91897.7,72482.5,55523.8,78154.3,59747,103261.7,39842.7,79231.5,51675.7,138254.4,274547.2,242992.6,88367.1,27258.8,223565.8,167874.7,0,0,47442,79324.7,38968.7,40990.5,25965.8,34794.5,23285.8,13688.2,41559.4,39064.3
1331003.8,166752.5,58990.1,120926.9,188807.9,90159,77715.8,53943,82301.9,60809.3,129036.6,40740.8,88390.3,52079,158228.9,290706.8,244683.4,100479.2,22562.3,232330.5,173952.1,0,0,66158.6,66289.2,48816,30561.6,26630.4,36209.9,22951.3,21936,42069.2,35927.5
1245776.2,150897.4,48290,125729.6,166229.2,87236.9,76799.6,52368,78715,57963.2,110878.3,38713.6,80701.4,47350.2,147146.8,263784.6,240108.1,89817,22057,219012.8,179704.8,0,0,57576.6,62426.1,41487.6,28529.6,23799.4,27091.1,20477.6,14752,43639.6,36425.1
1228558.9,149071.9,49809.6,117805.3,157993.1,88110.6,71796.8,51081.7,76362.1,57229.1,102192.3,39641.3,84837,50534.2,132134.1,276220.9,234614.1,87748,24517.3,208907.4,186296.2,0,0,55859.6,68875.3,40829.7,34487.8,23686.5,29373.8,19947.8,16358.7,37757.6,34816.7
1355221,165871.6,59264.8,119086.3,200623,92378.4,79085.3,55477.8,81877.8,60601.9,136309.6,40793.4,97274.2,60833.1,136590,303709.3,240240.6,98872.9,21308.8,243115,187482.5,0,0,63673.5,70163.3,48033.2,32856.9,27468.3,44046.8,23348.4,25364.2,42782.9,33584.6
1340093.6,161944.7,57309.6,116234,206322.9,93967.1,78666.8,55455.8,81855.8,60493.3,132852.9,40059.2,93855.3,61155.9,133461.4,294590.3,237129.4,99405.8,18355.9,243808.4,187820,0,0,58786.4,68748.6,45766.8,33555.1,28786.4,43070.6,23937.3,24324.4,46798.9,34040
1346437.6,151131.3,58941.9,120334.2,208711,94786.8,76421.4,56940.7,82140.7,60462.4,135846.9,39833.5,93787.7,59090.2,139180.1,294421.9,241635.2,110195.1,18808,229962.8,188086.9,0,0,71601.5,69248.7,52746.2,29995.7,28909.8,43812.3,24419.6,25719.2,51651.3,34234.1
1365449.6,149762.2,62318.1,123348.6,212455,93640.2,79148,56282.9,81482.9,59918.9,139739.2,40520,98422.1,55719.3,147167.4,301479.2,247255,110105,17344.3,234799.8,189651.3,0,0,81443.5,62059.9,56875.7,25771.6,28047.3,43299.5,24295.1,26823.7,51238.9,34538.6
1335163.1,150207.7,60694.1,119905.8,204398.5,92299.7,76929.2,55147.3,80347.3,59968.9,126972.9,40442.5,92905.8,56531.7,144820.8,294450.3,242520.8,107024.4,16110.8,233381.6,185579,0,0,68362,71863.9,50785.7,28598.9,28101.8,42154.6,24011.1,23668.4,49095.3,32241.7
1226024.2,139444.2,49489.6,107194.7,164757.2,87228.1,74703.2,54580.9,79481.7,57672.5,90568.8,38516.2,74832.7,53218.4,127518.5,276667.9,236257.4,93452.5,21828.2,223070,179308.6,0,0,44881.3,86120.2,37895,37551.2,26215.7,26651.9,21155,16695.9,42971.4,38568.2
1183954.7,141513.8,47898.9,106798.1,137892.3,86805.8,67254.3,55161.7,77594.4,58392.9,73344.8,39639.5,65464.1,52429.7,116741,255493.9,243637.9,70745.5,34756.3,235861.4,170236.9,0,0,43093.7,96926.9,37188.4,42992.1,26429.8,26718.3,21132.9,17095.5,38814.3,51219.1
1324057.6,160365.1,59762.2,116637.6,178559.3,92552,73817.5,57450,80657.6,62697.6,108118.3,41120.4,94402,57222,143157.7,283929.6,241184,97139.7,26147.4,247765.3,183467.8,0,0,55061.7,87324.3,43899.1,39391.1,28948.8,36140.4,24090.4,25492.5,47917.7,39415
1338422.9,172240.8,61346.7,120005.6,188663.9,92371.8,76527.7,57299.1,80525.5,61925.4,129170.7,39865,94382.9,58705.6,148172.4,291782.1,239862.3,98390.4,21306.2,233219.1,186038,0,0,61451.9,68405.6,42850.1,35827.9,28476.7,36378.2,23927.5,25157.4,44888,35771.8
1331205.3,172241.1,60609.8,111363.3,181393.5,91533.6,77710.5,57074.9,81106.3,60809.7,122034.1,39454,93463.2,61999.9,146171.3,311273.8,238488.7,101081.9,23106.5,224034.1,171703.1,0,0,49571.7,80964.5,40202.8,45024.3,27280.8,37805.8,24128.4,24328,47049.9,35190.3
1337186.9,170809.6,59930.4,110559.2,180088.2,91850.3,78722.7,55111,86837.2,61197.2,123219.3,41354.6,91303.6,64320.2,143127,297804.3,246292.3,99537.5,25236.6,233029.1,171479.1,0,0,53681.4,87337.5,47678.1,34120.6,27715.5,35076.4,23930.8,25014,46778.2,37572.1
1295543.3,162391.1,58360,110065.3,170988.2,90761.1,77188,52753.1,82639.2,61439.9,119117.3,42847.1,86712.8,57087.8,137023.8,273581.7,245457.9,99374.9,21547.3,230951.4,171559.8,0,0,59060.8,80111,46012.6,34436.6,26781.2,37894.8,22778.3,23293.3,46506,36062.3
1177440.5,139148,47965.6,110795.3,131385.8,86989.5,70960,52031.9,72741.2,59195.3,94466.4,39724.8,63969.9,55146.4,129637.9,248355.1,240543,84474.8,29796.2,208618,173936.8,0,0,52283.9,77794.5,39711.2,34775.9,23418.7,31524.7,20350.6,16194.9,41302.9,45853.6
1171210.5,141319,46770.7,113699.1,120044.8,86535.4,66244.2,52488.9,72330.6,57629,92201.5,38251.2,71505.7,54773.4,126344.4,256367.7,240846.8,80655.3,32239.9,199093.6,181657,0,0,50427.8,78224.8,37697.6,36125.2,22285.4,25004.1,19751.9,15717,37729.6,43448.2
1309732.3,170199.9,59413.5,113895.7,155325.9,92037,74761.1,55063,84124.7,59559,118187.8,41108.4,89328.2,64158.2,136673.7,307374.6,241000.4,94810.6,27235.9,222629.1,171965.9,0,0,39977.6,94954.5,39919.4,45666.2,25980.3,35299.7,22811.1,23890.6,47116.4,38812.2
1291437.8,160410.5,62183.2,111419.2,165028.3,92740.4,71938.3,55614.8,78735.4,60176.8,120274.4,42414.8,87022.9,62269.5,140052,274466.9,244915.4,94869.3,29469.4,223534.4,159633.5,0,0,57191.9,82261.8,45323.6,36655.6,25879.5,34279.5,23098.4,17472.3,44230.6,43718.6
1313864.4,163778.8,63103.9,111424.5,177650.3,92446.3,77376.3,52466.2,80163.2,59238.1,123382.9,42592,93787.5,60122.2,147024.2,295611.9,245675,96584.3,24052.9,225524.6,166114.1,0,0,58052.4,70930.2,43646.6,37126.5,26254.1,29388.3,22893.6,18057.3,44595.6,41588.1
1265273.9,161465.6,60502.8,111040.3,153127.6,90629.9,74216.9,51952.1,75612.4,58289,107580.7,42120.4,79525.6,58280.7,137826.2,271094.2,244798.3,89892.6,25975.8,218291.5,170616.6,0,0,54794,84704.1,40890.5,47770.4,26482.7,20899.1,23216.9,20800.9,43299.1,38180.6
1204020,153105.8,59895,111075.4,140377.1,89518.3,65046,51146.7,64760,57731,93419.4,40296,79279.7,55589.4,123009.1,250533.3,248556,80766.6,33607.9,211487.2,164988.1,0,0,50287.7,85562.9,36427.9,41650.5,25207,18863.2,22841.4,21806.3,45527.2,40980.6
1062941.8,128040.7,52031.6,100871,117543.3,82898.4,58954.6,50986.5,56085,53811.5,79135.5,37552.2,41655.8,49179.6,95034.2,220100.4,248933.6,65335.1,35471.6,195117.3,155096.1,0,0,46494.9,82912.5,32795.7,37015.1,21957.9,20142.6,20128.1,13071.9,36272.1,48786.6
1049821.3,119794.8,51092.1,103680.9,111255.9,82546.7,56420.9,50561,56113.4,53960,76882.5,36661,45800.7,49287.5,87419.4,223385.6,246607.3,65727.9,36751.7,184571.1,159064.2,0,0,44209.4,74203.2,33912.4,36627.9,21270.9,18685.5,19002,12385.8,34412.8,53923.1
1179505.3,144734.9,61282.6,105108,122562.3,87159.4,66905.7,51894.2,64228.1,58431.7,85945.8,38112.5,74285.6,51476.5,142981.2,255688.6,242228.2,83705.4,28511.7,209808.8,158871.2,0,0,41570.2,80376.6,35741.5,45314.2,24932.3,17571.2,22249.6,18647.6,40921.7,41957.7
1229021.7,148969.8,66783.8,109715.3,154640.3,86691.8,68418.4,51451,68300.1,58069.9,109675.4,37418.1,83410.4,47257,144628.5,265391.4,246840.8,92611.1,24139.9,211073.1,168935.1,0,0,59830.3,59643.5,43776,32857.9,25209.6,18690.9,22602.2,15974.3,43357.1,40484.4
1175701.6,135759.4,67638.7,106271.5,121001.6,84602.4,73468.7,51532.7,59971.6,55262.9,94602.6,38302.9,70904.5,45620.3,148438.9,245405.3,248553.7,83037.9,28830.9,215900.9,166996,0,0,56096,62441.3,40225.9,31760.5,25700.5,16905.9,22794.5,16012.1,42177.1,41198.5
1181264.7,132174.7,68450.6,104590.6,127193,80290,74897.5,49962.1,57071.4,55339.6,99261.4,35810,80970,46852,150198.1,243021.4,245801.1,90787.2,21449.5,206590.6,171309,0,0,66842.2,58511.1,45430.9,24810.8,25186.9,17880.1,22884.6,17232.3,44907.5,35634.4
1139077.5,126548.8,67059.4,102810.4,108248.5,80165.7,74614.6,47804.6,51527.8,54337.6,95927.5,34488.8,84498.4,42426,145374.1,228725.5,252732.3,91876.5,20085,197244.3,166906.8,0,0,64548.6,52158.6,46558.9,20989.9,24037.9,18523,22012.3,16636.3,47313.8,35617.5
1016947,115527.5,54242.9,100840,86191,76786.8,68448.7,45388,32071.7,51774.7,83872.3,31970.6,49689.2,40725.1,113857.3,209692.3,250863.5,74647.2,25321.9,183542.9,166130,0,0,39288.6,57887.9,35059.1,30670.7,21155.5,15651,19182.4,9478.7,42006.4,43210.3
1035062.1,113560,53250.4,98130.1,92472.1,78975.5,67886.1,47658,44916.6,51525.8,82861.2,33161.9,56915.3,42945.7,109355.1,229741.9,240241.7,74713.7,27075.8,182725.5,163725.6,0,0,40157.8,66984.9,34039,29497.5,21677.9,16381.5,19175.7,8813,35865.8,43677.5
1150012.6,131424.5,66388.4,100516.4,116191.2,82006.8,71177.9,50803.3,58355.3,54594.6,99269.4,35241.5,77730.1,44631.7,142596.4,237007.9,247464.2,89310.2,21404.4,200223,167232.7,0,0,56987.9,60040.8,44940.6,23577.5,24920,17889.3,22194,15431.7,44992.5,35045.6
1113255.3,131978,64709,98187.9,99661.2,82200.2,69244.5,51300,56175.5,54732.6,91323.9,36794.7,65968.1,47918.1,128193.8,230912.3,250583,82325.7,25574.7,194626.5,156189.6,0,0,42433.5,72953.7,38995.2,33436.1,24451.9,18948.2,22412.9,14399.9,45221.9,37130.2
1174143,134964.3,65550.4,101572.1,112577,85189.3,74978,53450.8,66271.7,55960.1,100864.8,36802.5,85020.1,45908.6,140297,252140.1,248635.4,91244,21231.4,195240.1,173628.9,0,0,64383.9,57645.8,39632.2,25405.3,24025.1,20083.1,22662.9,18294.6,46470.6,39163.1
1217228.2,137415,66739.5,102436.4,120480.1,82063.5,81011.3,52887.4,74791.9,54727.6,102058,38497.9,84953.2,53452,143990,270069.6,251994.1,92327.2,21697,221421.8,175298.9,0,0,54223.9,61003.6,40933.3,30323.7,25180.5,18861.9,22710.7,22321.9,42278.3,35100
1219055.7,133142.7,67104.9,99143.6,126026.3,81507.3,76944.7,48624.2,59623.8,55161.2,103540.4,37815.8,92272.6,49394.6,160784.3,269531.5,249185.9,94582.7,21902.5,225276.9,178080.9,0,0,64530,51533.9,41866.3,28306.6,26596.9,16606.3,22948.1,23015.2,43884.2,39077.7
1050403.2,111821.8,52294.9,98210.6,79595.9,77859.4,67197.7,42324.2,48061.5,52602.2,80917.5,33947.6,68191.4,43045,136309.5,220497.2,248289.9,86593.4,23223.7,186686.7,170677.3,0,0,49929.9,52390.3,38393.5,27569.9,21663.5,19414.7,19949.5,11733.7,44418,42074.6
998860.2,109714.3,52637.7,97959.3,73221.7,77183.4,73832.8,42107.7,41972,51038.9,83914.6,31271.6,51982.9,38414,118230.8,205783,246078.8,74908.5,23721.5,172269.1,161735.4,0,0,48358.8,45620.9,40115.8,25502.9,20983.9,16688.8,19365.1,8018.2,37916.2,44230.6
1131457.6,128946.1,64965.5,104068.6,98135.4,81964.2,77491,45840.3,56954.7,54176.9,96897,33706.8,81350.5,39321.5,150975,233294.5,244477.6,93648.1,21227.8,189840.6,165931.8,0,0,60335.7,49462.5,45768.1,25651.3,23164.1,19837.6,22383.1,14594.6,46892.1,35398.4
1139277.2,128369.5,65800,102192.4,109665.3,82954.4,75997.2,45930.2,67337.2,53770.3,97270.8,34273.5,82280.3,43774.5,147991.8,234994.6,245710.6,89893.2,19387.3,196284.9,158061.6,0,0,62613.8,46008.4,42587.1,24412.6,23716.4,18059.3,22428.6,16697.1,46302.1,35406
1128505.7,128592.7,65339.2,99664.6,97305.3,81201.4,76533.4,46268,55875.5,54988.3,89582.7,33734.9,75123.8,41743.2,157335.3,230358.3,246940.7,88599.2,20788.5,188430.9,169606.4,0,0,60555.9,49472.1,46200,25982.3,24219.1,16832,22569,11274.3,45630.4,34764.4
1129152.7,128904.9,66174.9,101121.9,102058.5,83099,71092.3,48174.2,66376.9,55748.4,86388.8,35705.9,82671.3,43934.4,137451.8,232904.6,251876.5,84592.5,22822.2,194857.4,166374.3,0,0,56180.8,49428.2,39585.6,28763.2,24147.4,18133.2,22640.5,14998.4,48335.3,35322.3
1213530,132496.7,66748.9,113187.2,141039,84080,76218.4,47804.7,76390.6,56307.1,111051.7,36494.8,88674.1,49446.4,148942.6,256388.7,242568.1,91023,18944.4,215126.7,172509,0,0,64693.3,45796.2,43364.3,23038,25128,17753.4,22868.1,19902.5,47197.6,36161.7
1069948.6,117370.9,52981.7,100856.8,95492,82026.4,69021.9,47342.8,53023.9,52244.1,78363.4,34314.7,72329.9,43991.9,135274.8,220118.9,244830.4,81633.5,15559.1,193558.7,179782.9,0,0,50181.2,49379.1,39228.2,24184.1,22433.4,17972.9,19963.5,19723.3,45855.5,43405.2
1007927.6,113294.9,52441.6,97054.7,79358.9,80462.5,67277.7,47055.8,45157.4,50428.1,60410.3,35362.6,40412.6,47510.1,106806.4,215084.2,240189.7,56451.2,28245.7,197813.9,161676.7,0,0,36478.4,82846.5,28903.6,39815,22309,14853.5,19362.7,13624.5,34491.1,49191.9
1126339.5,125181,55494.8,105106.2,105259.6,85719.5,73344.9,50357.7,61135.2,54423.2,78425.3,37847.5,74265,55061.3,128199.4,243184,239454.4,70743.6,24114.1,215148.6,164023.1,0,0,35800.9,76835.1,32617.3,44341,24562,16585.6,21799,19291.6,43391.6,40317.4
1183768.1,130824,56125.8,106206.3,126846,89761.1,71835.4,51459,62100.1,54906.9,100099.6,38086.4,86039.3,52945,135683.3,254508.8,243938.3,80962,20000.3,216880.7,176875.4,0,0,49601.3,65217.6,36861.3,38599.3,24938,18167.7,22307.8,13631.2,46104.7,41384.5
1194802.3,133716.8,53758.5,104141.4,136507.2,90294.4,70208.9,50911,66693.6,55104.8,93653.5,37392,91258.9,53077.3,144039.3,270491.6,213381.6,81930.5,22600.8,217903.3,180611.1,0,0,40695.1,78914.8,35122.2,41724.1,26322.1,15808,22487.1,25245.7,46525.4,31875.5
1144268.1,130700.6,49747.8,101615.8,125776.9,87497.1,69462.7,51706.6,55967.3,55548.4,84907.2,36625.1,76218.8,54074.6,127813.2,243846.8,220614.2,72933.1,24559.9,210943.4,163221,0,0,49560.5,94747.8,37072.4,49167.1,25078.5,21614.5,22220.4,22225.7,43948.2,37696.4
1080845.5,131987.1,49199.4,102320.4,105909.2,87664.3,63986,50302.5,48688.4,55812,65082.4,35746.3,63159.3,52496.6,117330.8,223987.9,245748.1,66977.7,28982.6,197934.6,164837.8,0,0,41579.3,90928.6,32468.6,40520.3,23542.7,20586.2,21643.8,16124.4,46951.7,50637.8
1022224.7,119425.5,42178.1,102851.4,101886.7,84668,60284.5,47933.6,50187.4,54290.7,68612.6,33657.7,49013.5,51341.1,100222.9,222144.7,240493.6,61173.7,29287.5,186228.1,156121.4,0,0,35763.4,89951.2,28182.3,37901.5,20912.8,21003.9,19178.4,13954.4,44060.8,51044.1
1040173.3,118750.3,42562.9,103081.1,100135.7,85638.4,59843.1,47863,51329.2,54400.6,68000,33597.3,61533,47458.3,117782.4,232431.2,240772.5,63986.3,30070.5,188086.8,155476.1,0,0,41878.7,75783.4,30426.6,35298.9,20860.5,18344.1,18959.5,20909.5,38528,48440.7
1205658.7,142385.5,52890.1,108270.3,142552.4,90848.7,65899.2,51681.7,62051.4,57864.6,99634.1,36370.9,95359.4,48920.8,152276.7,262906.8,243736.2,88897.4,26275.3,209512.4,173589.4,0,0,60586.9,61262.3,40373,30021.5,24599.8,19080.6,22064.3,24110.9,40256.1,37120
1188255.4,140348.3,49202.6,103954.3,131229.5,88939.5,70427.6,50756.6,59611.2,56590.9,95253.9,36954,79408.6,52896.5,133916.5,268244.1,243406.3,85193.5,22582.4,215038.4,174589.6,0,0,39899.3,87177.3,33138.8,40201,25009.7,18730.6,22218.9,25303.6,44447.8,32883.7
1139404.1,134713.2,53012.3,103479,104959.5,85144.2,63190.6,51089,51824.8,55820.2,75662.7,36947.6,73649.2,49479.6,137224,249518.5,244538.5,73895.5,25723.7,216186.2,168057.4,0,0,38598.7,95979.1,31903.1,44165.5,24810.3,17921.6,22165.4,25699,43459.2,35831.9
1135247,136080.9,50450.9,106407.3,113347,85796.7,59435.4,50392.6,59186.9,55722.4,88050.7,35428.7,77474.1,50306,118007.9,248781.2,238455.5,79990.2,21776.4,199800.7,173590.4,0,0,42032.2,89838.4,32857.8,43570,23905.6,19379.2,21729.3,25861.6,44611,35702.1
1120972.2,132046,54014.5,102726.4,118888.7,86680.9,61838.7,49779.2,62146.5,55344.6,91980.8,34345.4,78608.6,51612.8,120355.4,248009.9,234538.3,78679,22131,198415,156076.3,0,0,39504.3,80194.6,32923,39441.1,23675.6,19365.8,20909.7,24667.2,45009.9,35801.5
1001869.7,112576.9,43419.3,94099.3,94185,82286.5,53994.5,46615.1,48030.9,52116.1,68253.5,32600,58340.7,46009.5,107098.8,222384.1,224993.4,64089.2,25835.3,185959.9,153104.8,0,0,35283.6,86949.4,31119.5,38592,21312.8,18082.7,19037.3,19724.2,38464,43859.5
957744.1,111179.7,45457.4,93860.3,92559,80019.3,56021.3,47014.1,38302.9,51420.7,59001.6,32007.8,41756,50882,89696.8,204366.5,232364.5,53871.5,32245.1,176928.1,143831.5,0,0,38940.3,95256,29492.3,37356.6,20602.2,18912.9,18890.7,21316,40189.5,46020.5
1078655.4,128840.4,50849.5,101197.3,111579.1,83332.7,62734,50073.2,57177.3,54848.6,90748.7,33855.9,77479.3,45524.2,115754.3,230098,217884.9,70185.5,26785.6,192987.1,147753.1,0,0,42851.8,80537.7,33967.1,38914.2,23051.7,21187.2,21460.6,21106.3,45679.4,37671.8
1131036.3,130120.6,50092.8,102632.3,143926.5,84065.5,67418.5,49189.4,66951.5,55593.5,112041.4,34348.6,84599.4,45552.9,121566.1,238223.1,217986.6,85835.6,20180.8,196062.7,151674,0,0,59205.3,61717.8,38836.6,30033.1,23792.6,20154.1,21790.6,25804.4,46760.5,37942
1087559.6,120773.2,46919.1,101492.1,114127,81180.7,70495.7,47229,56455.1,53153.2,89236.3,33610.3,78402.2,41531.2,129375.9,227120.9,222773,81119.6,22322.7,194525.9,155352.4,0,0,52314.5,68893.4,37947.1,33253.2,23540.9,20559.8,21798.3,20937.8,47975.8,36351.1
1055656.1,113903.8,44188.6,99170.3,100501.4,80409.4,61203.4,47504.9,51713.9,53086.6,86887.6,32774.1,75361.4,42481.6,131707.7,218777.6,221765.9,75289,23786.4,188959.6,154636.9,0,0,50373.5,69836.6,37373.1,32890.2,23280.4,18530,21698.7,23724.2,46311.7,34808.2
1068192,116678.5,49383.3,97713.1,113824.9,79752.5,64260.7,46986.1,55899.7,53253.7,89164.5,32066.1,80973.5,43871.6,132856.1,218832.2,217432.8,85657,21731.5,187445.7,164989.4,0,0,55475.9,56492.6,38865.9,24883.7,23262.9,20380.7,21190.8,23992.8,47502,32414.3
934426.3,97010,37792.9,89206,92913.7,76733.6,57702.4,44420.8,38493.9,50695.1,55112.2,31152.4,47996.2,40282.6,111480.2,176601.9,229743.5,67638.3,21962,173222.3,167396.2,0,0,46229,55671.6,38206.8,20809.3,20377.2,18496.1,18870.3,18098.2,42434.6,39578.9
932693.5,98319.8,36726.8,91357.8,93085.2,78295.9,56694.5,45121.6,41673.9,51056.6,53693.8,30834.6,49775.8,40075.9,96844.9,190887.8,223793.5,67733.8,21666.8,168851.3,168130.4,0,0,37908,65044.2,33442.9,27423,19413.8,17171.6,18420,20397.7,41719.5,41547.6
1066602.9,113700.3,42000.2,96581.9,117934.8,83512.6,63413.9,50122.4,58942.9,54275.7,81711.9,33746.5,76523.3,42189.2,118410.5,231624.2,227204.3,82929.6,18622.6,192786.9,154161.1,0,0,38541.8,73363.3,32527.8,36583.3,22675,17291.8,21288,25814.1,47045.6,31867.2
1095903.2,114863.4,42081.2,98349.6,131047.9,84766.5,63105.4,51428.5,62482.5,54216.3,88859.9,34444.2,77269.7,44494,111688.5,234459.1,240392.2,82300,19024.5,197123.8,155387.2,0,0,51827.7,72074.7,35129.2,32086.9,22950.4,17544.8,21433.3,26437.9,44982.3,33564.6
1091906.7,111762.1,39588.3,99074.2,128204.7,82210.1,63139.5,49904.1,60103,52327.6,89621.7,33381.3,88082.7,41098.9,125394.4,235727.1,235859.4,86922.8,16615.6,196178.8,157924.4,0,0,52248.4,56206.2,35968.7,28949.8,22778.1,17299.2,21567.1,29093.2,45793.1,31015.4
1053911.3,108053.1,39615.9,102668.5,133009.2,79302.6,60544.9,49267.3,45981.3,51847.3,89728.8,31870.6,77717.9,40141.9,130692,210209.8,240377.9,87003.6,16764.5,186117.3,152771,0,0,60090.1,49874.8,37011.8,19702.8,22449.2,16969.6,21446.9,28690.8,45363.2,30533.8
997338.5,102847.8,42325.8,100173,111135,78268.3,61715.2,48469.8,36770.3,51274,78212.8,31047.1,58304.8,37032.7,114728.9,183393.7,250508,76200.7,22662.4,178663.9,141680.3,0,0,55814.6,59542.5,40448.8,22569.5,21576.1,17646.9,21061,20830.9,45979.9,33843.5
933108.1,90247.4,36469.4,92216.8,94790.8,76677.7,61524.7,46452.6,37856.3,49784.3,61248.5,30566.3,48168.5,37883.2,102857.3,180837.8,237418.6,68068.2,20709.2,166036.2,149220.4,0,0,50096.5,57023.3,38918.2,27714.4,18836.5,15213.8,18375,17539.2,40369.2,37974.7
893149.3,91526,35895.7,86630.5,94948.7,73844.7,55147.2,44653.3,41976.6,48788.4,56223.3,29418.9,35603.3,36954.4,94303.3,177241.4,231035.7,60628.3,22954,162097.4,135117.7,0,0,46376.3,61601.1,34920.4,29215,17699.9,15539,17264.3,17478.5,37011.7,38230.3
1061423.1,109095,36795.1,102652.1,128190.8,80038.1,66274.9,48697.3,54799.7,52637.2,79312.6,32175.7,82396,39555.8,124650.6,219837.5,242376.1,84551.7,19710.3,185233,152621.8,0,0,54524.5,50366.2,36349.1,25011.8,21683,17517,20188.4,22579.9,42681,27469.4
1028778.6,106154.3,33941,96727.8,113251.1,80309.7,54650.3,48028.6,49966.5,51672.8,65698.3,31384.1,70328.1,42602.4,104553.1,209165.3,247478.4,71330.1,22891,183505.5,148101.1,0,0,54397.9,83417.4,39667.4,37776.4,22396.2,17210,20770.2,18587.3,40722.1,31123.4
1046994.9,107591.9,34804.9,97452,143075.6,80789.5,61610.9,47098.6,55884.5,50908.7,92352.1,31395.9,80226.4,42559.1,109899.2,213477.6,222152.6,77073.8,20902.4,180417.7,153679.7,0,0,67612,49534.2,36242.3,22630.2,21670.7,17492.9,20762.5,18841.9,40970.3,33031.7
1004188.1,100869.1,34636.8,93406.8,134648.6,80515.4,63037.2,47192.8,55836.3,49748.5,83160.4,30262.8,70245.4,43011.8,103970.2,203089.2,218288.2,73264.9,21845.4,177390.3,144280.4,0,0,58833,51514.1,34960.4,21603.3,21280.9,17465.3,20545.6,20739.2,40541.3,33714
1000760.9,102018.5,35138.2,92980.8,126979.7,77441.4,66951.9,47306.9,56411.4,48883.7,81917,31315.6,71701.4,42393.3,112528.9,194470.2,212887.8,71615.9,21832.7,177011,137673.5,0,0,57412.8,49507.8,36334.5,25097.6,20969.7,12424.8,19857.3,18260.8,40653.2,31406.5
915046.7,90288.2,32191.9,92248.7,97462.9,76582.3,56220.8,45522,52279.7,44475.7,67645.8,29999.7,43966.2,42805.6,103688.9,182721.5,222440.2,64869,19358.7,165819.4,148748,0,0,44195.9,48238.6,28330.3,24452,18466.2,13885.1,17637.5,15021,37433.5,35891.6
910872.6,86966.9,33608.5,91254.7,92436.1,75830.8,59281.7,44909.1,47607.9,43339.7,63329.2,29997,52591.5,40067.6,105206.3,184111.7,224940.3,70206.8,18843.7,160676.1,148853.2,0,0,46172.8,44759.2,31958.1,23808.7,18268.8,17484,17298.6,14527.1,38037.6,31999.9
1029028.6,99975.8,35747.6,98485.6,115848.2,82102.1,63454.8,47926.2,55023.1,46800.7,83572.4,31854.6,65220.8,39452.2,137774.3,207544.1,230019,82130,15318.9,177508.6,162274.5,0,0,57983.1,48096.9,36142.5,16899.8,22068.1,16931.5,20173.1,20049,41582.2,25589.3
1045938.7,100881.9,34783.5,98474.5,129297,82920,62746.9,47769.4,57111.7,48881.8,77986.2,32036.1,67535.3,38688.7,133358.5,223098.8,231537.7,84583.8,16587.8,178857.9,167696.3,0,0,56043.9,51171.9,35625,16626.5,22030.6,15658.5,20532.8,20589.6,41588.9,29485.6
1070510.3,102720.3,33044.2,97136.9,147591.6,81930.2,65060.2,48209.8,58863.4,50296.2,89191.1,32201.5,70956.6,43252.3,119655.7,231238.4,230020.8,85498.6,18001.7,187753.5,167990.4,0,0,55433.9,55964.6,35750.6,17014.8,22531.9,19753.5,21222.9,19251.3,44187.7,27197.6
1090129.2,106327.8,33619.7,98091.8,161766.1,81973.5,67050,47149.3,60998,51402.7,94242.2,32302.1,67819,47177.5,114853.4,240372.7,227341.3,84725.3,23151.4,191882.4,162867.9,0,0,55514.6,63378.5,36457.7,17716.2,22717.6,18885.3,21592.1,18280.4,42724.2,28612.9
1067579.2,105644.2,34165,96398.9,152083,80391.3,64063.6,46544.3,63274.7,51354.7,99428.4,31777.1,65279.8,47213.8,110513.9,233466.3,225574.4,84264.6,19734,193035.9,153448.5,0,0,52966,59047.5,36221.6,19560.5,22392.2,18844,21111.4,26981.6,40589.9,31512.3
955785.3,93773.8,30840.1,92877.8,111884.5,78164.8,51091.7,44121.7,63430.6,49384.7,65596.1,29841.4,45212.7,44147.3,104255.6,211254.1,225569.4,71019.3,18181.4,177387.5,149945.3,0,0,37357.4,64438.9,28311.7,24517.7,19356.9,18246.7,18444.1,20902.4,40784,42266.3
919674.5,90381.2,30954.3,89977.7,101093.5,76891.2,46074.2,43050.4,54839.4,48353.9,53012.8,29425.8,42768.8,43997.1,96919.3,205328.5,224082.3,67038.2,18562.2,166326.7,147474.3,0,0,30274.7,65359.7,25514.2,40191.7,18679.6,17276.1,17588,10489.4,37988.9,41978
1027232.1,94893.8,26177.6,94296.1,135843,80031.3,54588,45401.1,75610.2,49682.3,82451.2,31185.6,58203,45940.6,113493.1,225334.5,220990.4,81478.9,16807.8,182235.4,137862.2,0,0,43651.9,67833.7,35593.7,35700.9,21692,18001.1,20285.5,19727.7,41466.1,30060.7
1008116.6,93001.2,26461,92158.8,135038.6,77379.4,57429.2,45211,67922.3,49326,78011.3,31305.7,52277.7,44190.6,112940.7,220284.6,222943.4,78193.9,17250.7,182384.9,134010.5,0,0,42822.8,71640.2,33704.9,31010.2,21402.4,18234.6,20190.1,20596.1,41621.9,27606.3
978431.8,84810.7,25352.4,89035.8,125067.7,74212.4,55214.8,42977.5,70370,47511.3,73341.1,31208.2,58013.3,43095,112100.1,213935.2,218553.2,80761.1,15411.9,178188.7,131468.5,0,0,42371,63193.7,30219.3,29403.7,21287.2,17746.4,20133.3,21169.8,44380.3,27900.6
924288.9,76754.7,24739.5,85849.1,113904.3,68383.3,50470.3,41647.5,62538.1,45328.4,67010.9,30504.1,55733.4,41309.4,113843.8,204728.6,215607.5,67467.8,15367,173454.1,128313.5,0,0,40230,51740.2,28620.2,25333.8,20580.6,17799.8,20071.4,21300.1,42003.3,23411
846044.4,68724.2,25339.3,83919.9,80122.3,66214.6,45031.4,41260.1,42491.2,44350.7,49626.2,28965.5,56590.8,37443.2,119150.4,175860.3,210834.8,63012.7,16759.2,154651.8,119471.7,0,0,35982.3,58907.6,26375.7,27350.9,17635.4,16690.5,17385.4,12281.3,39454.5,20707.1
833374.3,66474.4,24717.6,83232.2,79046.4,65356,45835.7,40612.2,43393.7,44142.9,49598.2,27379.5,49958.6,35010,111807.7,165652.2,213103.5,66458.5,17349.8,157456.3,134531.3,0,0,39248.7,48835.7,29145.9,20335.5,16988.3,16923,17042.1,6234.7,36474.9,29205.2
812910.6,64821.4,25990.4,82395.1,79654.9,65312.4,44159.9,40512.2,38916.9,43088.8,37967.2,27748.1,41281,39087.4,103988.7,164168.4,213993.6,61505,17008.4,146355.3,145354.5,0,0,37258.3,51964.6,27944.6,20363.8,16540.6,15935.1,15799.9,11659.6,34522.6,19069.3
798341.8,63789.8,29867.8,81625.4,75372.7,67090.8,43043.1,39581.7,36745.6,43292.6,37818.8,28820.4,39442.7,39944.5,101341.2,167629.8,208245.8,51584.4,15282.6,149408,121815.5,0,0,27603.1,66542.9,25466.5,26808.9,19501.2,16074.1,16411.2,11522.5,28538.4,20551.7
881752.2,75957.7,34327.8,85672.9,84704,72255.4,48988,43240.4,42255.7,45343.5,48511.7,28816.3,44151.7,38978,112070.7,180599.9,199190.6,51505.2,21575.6,160096.3,131338.8,0,0,45711.5,84850.5,26933.8,32375.6,19849.8,15903.7,19220.1,11252.9,39813.9,22632.2
873143.3,76535.6,40288.7,83079.9,87177.4,69809.1,56490.3,40976.3,36978.8,41483.9,46985.6,28723.7,40714.2,36144.4,118916,172466.3,208604.9,57749.4,21845.5,156201.1,125189.5,0,0,47672.3,67694.8,33930,22295.1,19139.3,15858.4,19588.2,11591.1,39349.6,22385
904329.4,75221.4,42886.8,84414.9,106688.8,68976.3,60864.5,39808.6,39277.7,40918.8,58926.2,29426.1,52517.4,36660.7,128711.1,179552.1,202145.5,68036.9,16195.9,159975.1,130803.7,0,0,57408.4,52232.8,35609,15414.7,19347.5,16466.1,19421,11900.9,38126.3,17994.8
919996.4,73601.9,42851.2,84350.4,108017.5,70007.8,61669.9,38808.3,47785,41096.8,63935.8,29802,67309.3,37732.6,133726.1,181088.9,201843.8,70958.1,12935.9,160099.2,127248.1,0,0,63356.2,37019.6,38456.6,14221,19803.4,16481.4,19167.3,9869.7,36448.5,19863.7
829103.8,65721.7,45239.8,86266.2,72268.6,66106.3,52921.8,37238.1,25746.9,39726.3,46263.6,28115,40956.7,33925.6,126625.2,164895.3,207870.9,64903.3,14038.9,143332.3,142839.6,0,0,40239.1,41362.9,31366.3,14976.9,16873.4,13489.1,17067.4,7105.3,38135.3,22293.8
830998.5,62258.4,47091.9,86368.7,80192.6,65578.5,54648.8,37027.4,28524.3,39209.6,47698.3,28634.9,46730,35097.3,117040.7,163222.5,210990.4,68401.1,12000.4,146403.9,140873.5,0,0,47193.4,30305.4,31917.6,12116,16423.1,15861.9,16675.8,9732,38717.6,29324
929946,69072.9,47837.8,88919.3,99701.6,71059.7,61113.3,39100.9,47495.2,40697.5,66765.3,29927.2,65434.1,37837.9,131268.7,198831.3,211915.8,59768.3,14309.6,166916.5,136697.7,0,0,60996.5,31759.3,40201.9,12990.7,19599.9,13625.5,19262.3,16804.7,33473,17945.8
912463.6,65851.6,48702.4,88699.8,92690.3,71120.3,58674.9,40778.7,47229.6,40376.5,70088.3,29191.7,44247.7,39334.9,135889.8,197487.6,208709.1,64943.8,12913.6,165870.7,137367.1,0,0,48676,37393.9,35587.3,17140.2,19538.9,13571.4,19086.9,18894.2,36610.5,19686.4
816396.7,57856,48254.1,87977.6,62913.9,68154.3,53313.3,37908.5,29450,41345.3,48817.6,27702.3,37541.9,36987.6,131618.2,173731.5,191444.9,51218.9,13972.2,148319.8,121317.8,0,0,37223,59844.2,28732.5,19228.3,16399.8,13322.1,16805.5,7570.9,42621.9,34395
918371.3,76070.3,48979.8,91142.3,68467.1,69383.4,58189.4,44131.6,37007.8,41697.7,61252.8,28922.5,59752.2,37563.4,134056.3,192943.7,195583,52160.4,19326.5,167101.7,131532.3,0,0,59997.7,80537,38667.6,23061.1,20003.2,14220.3,19413.2,6948.5,32667.4,32952
949922.2,78486.4,47735.4,91596.8,75259.7,72778.5,59293.4,44344.2,46692.2,42740.1,72098.3,29259.3,70801.8,38783,139908.5,215535.8,185589.7,62672.5,14080.8,173414.1,155646.3,0,0,48559.9,62133.1,37378.3,21110.4,20193.5,14987.7,19311,10212.9,39255.4,38864.9
900467.1,75835.6,49475.1,87134.6,71093.6,72852.5,58988.3,43246.7,49764.1,43341.9,63318.6,28441.2,51252.5,37638.2,133381.2,197535.7,190940.4,60824.2,14142,168500.6,140426.5,0,0,35824.8,53898.2,34411,24481.5,18042.2,13246.3,17479,9415.9,36981.4,34414.5
850109,73826.7,47604.6,83526.7,66749.7,73743.3,50102.4,42840.3,48126.3,43822.6,55588.1,27655.4,36126.2,34678.9,114737.1,188149.8,192794.3,54380.5,14291.5,158539.7,135882.9,0,0,31923.7,64922.4,27478.8,25003.6,17329.1,12962.3,16791.8,8858.6,37036.4,38208.6
949627.4,89511.3,48991.9,89764,102030.3,76105.7,51786.8,44862.7,60514.6,46256,72096.9,28575.9,53120.7,40008.8,116722.3,205008.3,195618.5,59826.7,16860.9,168210.2,132907.8,0,0,52889.5,72327.9,33715.9,23673.9,19861.9,15143.2,16886.8,14346.2,37674.6,33048.7
965141.3,86315.7,49205.9,91759.9,111401.2,77906.6,51563.3,44466.2,64272.9,46316.2,79329.9,28960.7,53116.7,38198,122551.5,208403.3,192280.3,59960.1,16373.9,161575.3,137706.9,0,0,63557.9,64977,37136.6,20343.1,19521.4,16938.3,19186.7,7941,40649.6,35922.3
932776.5,87542.3,45985.3,88215.6,99054.3,75774.1,48971.4,42998.2,55649.6,46325.4,66293.2,29275.5,55025.7,37570,121505.2,209466.8,191848.4,62098.9,14935.2,158260,147712.4,0,0,44247.4,60695,32325.5,26526.1,19589.3,17406.8,19385.6,8409.6,38210.7,31470.2
917238.1,88180.1,50353.4,91446.2,114200.6,73469.6,49624,42015.1,52688.2,45367.2,68377.4,29220.9,52519.2,35750,117919.4,194840.9,200716.3,56790,16673.9,161786.5,139658.9,0,0,45666.2,39570.1,34194.9,14643.1,19390.2,17348.6,19776.1,12700.3,38516.8,29500.7
923417.3,81118.6,49646.6,89494.2,93958.2,72736.3,51005.2,40970.5,54911.2,44336.6,70499.2,27948,61849.5,37317.7,125251.1,195362.9,192431.5,70231.1,12697.7,159804.8,138912,0,0,49083.8,53935.4,34968.7,19319.1,19553.7,16603.4,19432.9,13185.9,44556,32825.1
831746.4,74632.7,48493.1,81073.8,70072.1,70401.8,44602.5,38918.7,38384.6,42069.8,46533.2,26553.9,47313.2,34595.9,111910,171799.9,195426.7,66449.9,13474.7,147382.4,128129.8,0,0,35273.2,66362.3,28717.7,19964.7,17445.6,15743.9,17176.6,6807.1,29381.1,28873
787582.2,68751.9,49202,78770,64156,69493.5,44838.4,38425.6,33180.7,41148.3,40638.2,25911.9,39104.6,26308.8,106262.9,166600.2,189263.1,68495.8,13820.8,135463.1,133114.6,0,0,26728.1,58019.7,28107.8,17589.2,17063.6,15394.2,16875.1,5849.3,31323.9,29259.9
914835.7,81416.7,46955.7,89687.6,91077.2,74102,50006.5,41756.7,52204,43788.3,62344.9,27936.3,70535.1,32844.3,132463.5,199811.4,186161.6,73627.2,13851.3,155295.9,129797.2,0,0,40465.6,55982.1,31132.5,21617.9,20089.6,16177,19421.8,8797.1,31156.5,24730.2
933427.2,80824.5,55471.2,88204.7,100751.6,74418.3,54688.8,42751.5,63897.9,42860.3,68302.8,28105.2,63035.9,37601.7,123400.7,204266.1,185481.7,76921,14303.6,159521.3,130710.9,0,0,50644.3,48714.6,36249.3,23881.5,20186.5,16742.4,19754,14193.7,34726.2,33657.3
907041,74884.5,55205.8,85198.7,103548.3,72695.8,52791.4,41653.4,63230.1,40581.1,61124.4,27120.5,53136.2,37363.3,116608.7,202467.6,185217.1,70992.5,13228.8,159591.2,126622.1,0,0,49722.5,49642.8,34786.9,23182.8,20073.4,15494.4,19763.4,16325.4,33584.9,35316
866532.9,72504.2,54550.3,83394.4,81250.7,69910,54427.8,41406.1,51934.7,39744.7,59402.3,26470,49965.2,34936,111473.3,191254.4,186997.1,63314.4,17769.7,157742.7,123186.8,0,0,43228,50512.3,29518.5,21872.6,19699.3,11737.7,19553.9,16097.5,34044.5,35667.8
845843.8,62326.9,55397,81973,67936.8,62808.7,56004.2,38118.5,43501.6,41119.9,63230.6,26245.7,48971,35309.3,106995.9,178094.4,195202.4,65916,19113.8,156847.9,118981.3,0,0,47576.3,50709.8,34368,14271.9,19440.3,13259.2,23662.8,20701.7,35210.7,34778.5
794854.9,61525,53930.9,82755.2,63595.3,65165,58101.1,36899.9,29094.4,40167.6,58331.2,25125.2,43317.6,33176.3,103547.8,160523,192145,69557.5,11149.3,143262.9,115631,0,0,36029.9,43981.3,28064.1,20186.3,16346.9,13343.6,16941.7,12338.4,32791.7,29786.6
788754.6,59186.6,53249.7,83423,60520.2,65471.7,58504.4,36069.6,37501.7,40155.3,64091.5,24708.5,45563.3,33061.7,99410.8,166220.4,186140.4,64830.2,13810.1,133406.6,117968.8,0,0,38857,37385.2,29184,17407.8,15584.3,9497.6,16510,13020.1,33466.1,26191.7
883982.5,71218.5,56851.6,84937.8,105666.2,69501.8,64938.2,38746,58766.1,39090.2,81395.4,26183.4,55095.9,35361.8,112397.7,187090.4,189438.1,69985.7,11116,149414.8,116576.8,0,0,54515.7,21421.5,33722.6,9371.2,19198,11073.4,19350.5,19513.7,39383.4,24084.8
877519.3,67453.2,58645.7,85401.8,88161.3,68439.2,65575.2,38131.1,52174.8,38314.6,78030.5,25848.6,62869.9,32953.9,110427.6,185634.9,189548.2,69174.8,11208,150065.4,118467.6,0,0,50301.1,28350.6,34738.4,13349.6,19535.9,10511.2,19560.2,20335.4,42709.1,20640.6
880089,66642.3,59507.5,86295.6,88074.3,67219.1,64746.1,38242.2,51380.6,42819.4,76117.2,26022.1,55716.4,32262.9,109369.9,186094.6,187139.2,71061.9,11688.6,148708.8,121045.6,0,0,47183.9,40202.8,34155.6,14816.1,19819.9,9537.2,19816.5,23196.5,39695.7,13634.5
905672.8,68249.1,59807.3,88549.6,94903.2,67604.5,64063.1,38634.7,50794.9,45688.2,77739.4,26878.7,58257.2,31525.3,121914.6,187360.5,190009.1,71534.1,14574.3,153071.2,120780.1,0,0,59574.6,41498.4,38487,12967.4,19633.6,11599.7,19615.7,23890.6,41375.8,15161.5
901215.4,71091.1,55144.9,88136.5,91909.4,69362.2,63608,38535.6,48018.1,45545,75742.7,27222.2,64391.9,35490.5,113385,182151,193657.5,70309.9,13774,156667.4,120204.6,0,0,50793.5,46924.7,37733.7,14640.9,19486,10435.2,20611.7,24004.5,39304.2,16677.1
824577.9,63055.6,52291.1,82136.4,62995.6,67147.7,57529,37290.5,33973.6,43802.4,61313.6,26181.3,45304.3,31639.5,101248.4,168953.6,204573.3,61899.9,13844.8,149011.8,122573.8,0,0,37894.2,55055.6,30658.2,15207.6,16427.1,9907.8,16983.5,8899.1,37734.3,26185.7
801133.6,63043,52879.1,83083.4,58706.3,66688.1,51212.3,38293.8,29348.3,43694.6,50562.3,26822.9,26106.1,31277.9,94869.7,162263.5,218607.2,49746.1,17619.9,147152.4,124163.1,0,0,37908.9,55569,27652.3,22761.8,15876.8,9916.1,16497.1,9887.8,39981.7,28065.9
919509.6,73200.8,50620.8,91050.4,85273,73205.3,60912,40411.3,49570.2,45969.4,76427.6,29700,56694.8,36563.9,122272.3,200365.9,210307.2,68450.7,13735.5,161208.7,129579.2,0,0,45864.3,44707.5,31749.4,19564.9,18740,10154.2,19319,14352.3,39837.3,31631.4
938109.5,71303.3,51963.6,93514.2,79757.3,74171.5,56928.8,39632.4,54034.9,43767.8,81352.4,29135.5,62897.7,37000.7,127167.3,191458.2,218166,75572,13669.6,156501.2,135457.6,0,0,53777.4,44447.6,42391.1,12024.2,19119.7,11161.6,19164.1,14237.4,41894.9,25169.2
921869.6,73402.3,54106.2,96573.2,79597.3,72628.8,56698.3,38116.8,52002.9,42143,78350.7,27775.5,45510.4,33560.9,136617.2,181521.7,224405.5,71756,14232,147711.7,134633.2,0,0,60190.1,30767.1,38339.4,13125,18858.8,9605,19447.1,14174.6,44320.7,22608.9
831498,64383.6,56043.8,91058.5,60398.9,69684.1,45865.4,37190.8,40809.5,42787.3,45359.9,26776.8,35888.5,28321.6,110138.7,166566.8,220513.8,58758.9,16250.1,134564.3,128145.2,0,0,42937.9,55264.8,31742.9,18814.4,18814.6,7479.4,19619.8,14632.3,40504,18254.1
874793,67933.4,57641.7,93090.8,75986.6,70975.1,51891.8,38185.3,42143.2,42223.1,59878.2,27465.1,36814.2,30054.2,138249.4,174124.5,217518.7,66725.8,12647.3,144692.2,138654.7,0,0,46395.5,28563.8,33465.3,13227.7,18612.5,9769.9,19352.7,12370.9,44690.4,22851.6
839692.4,65040.7,54391.5,88629.1,68029.3,67985.1,45669.3,37808.8,35331,39819.5,55750.2,26815.8,34564.8,32724.2,118988.4,163414.1,216161.5,62081.2,13830.2,135914.4,142125.4,0,0,47266.7,44052.6,36236.3,10591.9,16092.7,7952.6,16710.8,6992.1,42309.6,24714.4
817189.7,60654.4,53243,87436.7,62229.8,66565.6,46892.9,37633.3,38351.9,42067.6,52406.8,26659.2,39943.8,32188.3,121592.8,166952.5,214432.8,63007.7,13320.7,135283.8,116301.9,0,0,37865.4,48024.4,29123.9,13585.7,15830.2,8918.6,16291.7,6410.1,37813.2,20107.1
883822.1,68325.4,61148.2,89826.2,81194.3,67628.5,55935.8,38813.5,43983.8,43208.8,77513.9,28102.6,42027.1,33089,135922.7,173587.2,205458.6,65498.8,12285.8,155137.7,119986.6,0,0,60066,35549,36480.4,12099.5,18046.2,11876.7,18815.9,17100.4,38455.2,23089.8
886938.5,66119.7,63137.8,89580.7,86575.5,68805.5,60713.3,37750.5,40212.9,48264.8,77826.1,28562,59370.9,33147.9,130998.7,175958.8,201823.2,70471.6,9946.8,146972.7,121276,0,0,54874.1,19219.2,36517.9,15256.5,17700.7,14896.1,19292,13742.7,43507.8,22532.2
899313.1,66788.1,60787.5,95518,88408.4,68598,62413,36405.1,40957,48882.3,77123.1,28021.2,43552.4,35418.9,128125.5,173959.8,221187.5,68650.2,12521.7,153755.7,116122.4,0,0,64405.9,36879.1,34553.1,9788.7,18287.6,12975,19585.2,19266,39559.7,22281.5
848573.1,64302.4,59002.2,94338.1,81272,66982.7,50932.9,35849.5,30693.8,47799.9,68721.2,25870.8,34672.1,31618.5,118670.6,155304.3,239113.9,63083.3,14216.7,151766.2,106053.2,0,0,58108.1,39431.6,41435.2,12404.3,18705.9,12686.5,19932.1,19398.2,37399,25258.9
878278.8,63219.7,61427.9,101136.8,81810,66882.1,56629.2,34659.3,41261.9,46850.6,78046.9,26208,44385.1,32807.5,128186.5,166376.8,232179.6,71625.5,11119.1,150734.2,108510.6,0,0,56266,22939.1,36051,8173.2,19427.7,13440.1,19824.8,19466.5,41462.5,25956.8
779568.3,55496.7,54903.3,86541.3,44466.7,62526,50261.1,33949.6,29848.1,43106.5,49941.8,24826.3,30145.5,30525.9,105630.8,168708,235434.5,55223.4,11613.5,136410.1,102121.5,0,0,24176.7,58466.3,23292.4,11598.2,16161,5644.8,17072.7,10630.1,38201.1,15511.5
810979.6,55337.1,63845.2,103760.7,58035.8,60597.8,50977.3,33397.4,28570.1,41831.7,61551.3,25359,27354.5,25900.1,108939.7,141279.7,231798.3,62653.3,15078.2,131176.8,98538,0,0,56959.8,54887.9,33523,9473.1,15797.3,7437.4,16234.4,4631.5,37347.2,20044.8
856182.8,55739.9,58980.2,95176.3,62125.7,61183.3,57910.3,34321.1,37151.4,43028,74867.4,26686.4,47550.9,30766.7,128486.4,174967.8,234193.8,72350.1,10858.1,147387.5,110652.1,0,0,49178,21364.4,33887,11550.9,19146.3,6664.9,19226.6,16516.1,39230.4,23402.8
911124.3,64940,63654.2,101392.7,83220.1,65377.3,64115.7,38337,42663.9,44302.2,80227.6,27205.1,43188.3,34682,118797.5,170683.2,243311,69815.3,13973.5,151192.7,109170.3,0,0,65802.1,40067.5,45080.7,7624.1,19317,5930.4,19929.7,17665.7,42960.8,27408
915264.8,68170.4,66559.2,100385,85904.1,65289.5,61185.5,37290,45020.7,44510.8,80747.2,27282.6,37925.2,35558.2,116919.6,172497.5,247949.2,68208.1,15805.8,152230.9,118601.1,0,0,71328.2,28890.7,39562,7638.6,18983.6,8003.9,19877.5,12078.7,44260.6,32205.4
905292.6,68360,61521.8,98414,87564.1,63690.8,63693.4,36023.2,41982.4,44141.8,78078.1,27554,38548.4,32673,129466.1,183286.8,233738.6,73383.6,10984.2,149794,113603.5,0,0,60919.1,36459.5,36025,9069.5,19066.9,6964.3,20399.6,20565.3,43878,25375.5
913623.4,65389,61684.1,97991.4,93039.1,65322.4,65633,35376.7,49075.9,43943.6,91535.4,26518.4,37211,34978.7,123609.5,179412.1,230063.1,74221.9,11793.8,153238.1,118176.8,0,0,65430.4,22614.1,38379.1,7971.5,19242.3,7815.4,19919.2,16630.2,42342.8,24853.2
834603.9,55270.9,59251.6,103947.3,64902.4,63133.4,54992.9,33560.6,33837.4,42533.7,63855.1,25147.2,30107.2,32420.5,107653.7,158037.5,233909.5,48881.6,15164.5,138794.9,124310.4,0,0,56061.1,32550.7,38681.7,15329.1,16481.9,5644.1,16817.1,10615.9,41870.2,19515.1
802223.6,53844.4,58731.9,100991,60862.1,62173.5,53155.1,33638,36658.4,43026.5,63858.2,24613.3,27063.6,30351.4,105937.3,157380.6,234765.2,50193.8,11846.6,131311.6,111290.9,0,0,45348.1,27975.8,33042.1,9186.5,15876.5,4578.4,16481.1,9674.2,36142.1,18829.8
896287.7,64673,62281.4,99294.2,83996.2,67325.6,60258.4,36118.3,44952.3,45446.9,85859.7,27364.4,34951,31885.6,122884.1,169163.4,237352.1,65938,11125.2,145770.5,121199.8,0,0,63203.1,26040.7,42002.2,3910.9,18321.9,5305.7,19093.5,14315.2,42278.3,23446.2
888148.5,64845.3,65378.8,101503.7,78374.6,66418.4,61843.3,36842.5,41500.6,45528.9,83593.8,27371.6,35128.4,30070.2,128702.2,171748.3,233942.1,64250.5,12214.6,143964.9,120148.8,0,0,59628.4,20232.7,37842.9,6573.8,18528.2,6914.5,19571.3,20086.5,44945.2,18425.6
902952.6,65206.1,68219.8,100891.1,84501.5,67872.6,64431.7,36959,46589.2,45711.3,88792.3,26960.7,39593,31629.6,121408.4,178240,228914.7,70809.9,11164.6,145559.2,121098.7,0,0,56912.8,18139.5,36374.8,8694.3,18002.9,8058.6,19868.2,15564.9,42124.9,17951.9
894585,65339.7,66909.4,101302.6,82487,66077.1,64605.4,35514.7,44268,44695.1,71696.4,26705.6,35499.2,30447.5,136052.5,165384.5,233942.6,73710.9,11614.2,146669.9,117591.2,0,0,64701.3,24869.4,36251.8,5186.6,18164.5,5460.2,19890.1,15741.1,42174.6,21106.7
851465.1,63180.3,62379.9,101628.1,79390.1,65594.7,54365.1,34871.4,39328.2,44162.3,74315.5,25259.6,29980.5,29148.1,114318.4,142913.6,236171.1,69418.6,10792.8,123945.9,114665.7,0,0,67662.2,25875,39767.4,4566,17556.4,5559,19384.9,14206.6,42883.6,21463.2
794321.8,55965.3,59237.2,90205.1,57921.5,62693.4,53786.3,34240.5,30611.5,43370.5,62370.5,25404.8,27922.6,25962.1,116530.9,141186.7,231646.7,67716.2,10798,117685.4,116854,0,0,53306.8,18440.9,34527,4300.5,14858,6671.9,16725.2,9386.2,40759.6,18140.8
784240,55487.4,52417.7,99583.4,46955.8,63190.1,51934.5,33761.1,34915.8,41877.6,52296.6,25392.6,33886.2,28448.9,116053.3,152730.6,225991.9,64576.1,13308.1,119995.3,117281.2,0,0,38439,32361.7,27548.5,10420.5,13555.7,6405.7,18999.6,9452.6,36304.9,16306.1
